质量等级,count,rate
优,1713,0.6583397386625672
良,793,0.3047655649500384
轻度污染,89,0.03420445810914681
中度污染,5,0.001921598770176787
重度污染,2,0.0007686395080707148
