质量等级,count,rate
良,1317,0.5061491160645657
优,1148,0.4411990776325903
轻度污染,129,0.049577248270561106
中度污染,5,0.001921598770176787
重度污染,3,0.0011529592621060721
