质量等级,count,rate
优,1797,0.6919522525991528
良,776,0.2988063149788217
轻度污染,21,0.008086253369272238
中度污染,2,0.0007701193685021178
重度污染,1,0.0003850596842510589
