质量等级,count,rate
优,1443,0.5545734050730208
良,1040,0.3996925441967717
轻度污染,103,0.039584934665641815
中度污染,14,0.005380476556495004
重度污染,2,0.0007686395080707148
