质量等级,count,rate
优,2536,0.9765113592606854
良,60,0.023103581055063535
轻度污染,1,0.0003850596842510589
