质量等级,count,rate
优,1961,0.6618292271346609
良,902,0.3044211947350658
轻度污染,92,0.031049611879851502
中度污染,7,0.002362470469119136
严重污染,1,0.0003374957813027337
