质量等级,count,rate
优,2001,0.6753290583867702
良,944,0.3185960175497806
轻度污染,16,0.005399932500843739
中度污染,2,0.0006749915626054674
