质量等级,count,rate
优,1929,0.6372646184340932
良,998,0.32969937231582425
轻度污染,84,0.027750247770069375
中度污染,16,0.005285761480013214
