质量等级,count,rate
优,1532,0.5059445178335535
良,1328,0.4385733157199472
轻度污染,142,0.04689564068692206
中度污染,25,0.008256274768824307
重度污染,1,0.00033025099075297226
