质量等级,count,rate
优,922,0.6953242835595776
良,395,0.29788838612368024
轻度污染,9,0.006787330316742082
