质量等级,count,rate
优,1739,0.6696187909125915
良,832,0.320369657296881
轻度污染,26,0.010011551790527531
