质量等级,count,rate
优,1450,0.5581216320246344
良,1019,0.3922247882986913
轻度污染,119,0.045804464973056194
中度污染,9,0.003464203233256351
重度污染,1,0.00038491147036181676
