质量等级,count,rate
优,1926,0.7416249518675395
良,645,0.248363496341933
轻度污染,21,0.008086253369272238
中度污染,3,0.0011551790527531767
重度污染,2,0.0007701193685021178
