质量等级,count,rate
优,1782,0.684857801691007
良,774,0.29746348962336666
轻度污染,43,0.016525749423520367
中度污染,2,0.0007686395080707148
重度污染,1,0.0003843197540353574
