质量等级,count,rate
优,1545,0.5112508272667108
良,1309,0.4331568497683653
轻度污染,149,0.04930509596293845
中度污染,19,0.00628722700198544
