质量等级,count,rate
优,2268,0.8756756756756757
良,319,0.12316602316602317
轻度污染,3,0.0011583011583011582
