质量等级,count,rate
优,1746,0.5890688259109311
良,1191,0.4018218623481781
轻度污染,27,0.009109311740890687
