质量等级,count,rate
优,1622,0.5367306419589676
良,1183,0.3914626075446724
轻度污染,175,0.05790866975512905
中度污染,38,0.01257445400397088
重度污染,4,0.0013236267372600927
