质量等级,count,rate
良,1472,0.49780182617517754
优,1358,0.45924923909367604
轻度污染,112,0.037876225904633076
中度污染,11,0.0037199864727764627
重度污染,4,0.0013527223537368955
