质量等级,count,rate
优,2381,0.9168271082017713
良,216,0.08317289179822873
