质量等级,count,rate
优,1775,0.6821675634127594
良,801,0.3078401229823213
轻度污染,25,0.009607993850883935
中度污染,1,0.0003843197540353574
