质量等级,count,rate
良,1222,0.46963873943120676
优,1099,0.4223674096848578
轻度污染,223,0.08570330514988471
中度污染,49,0.018831667947732514
重度污染,9,0.0034588777863182167
