质量等级,count,rate
良,1359,0.44925619834710745
轻度污染,813,0.2687603305785124
优,305,0.10082644628099173
中度污染,285,0.09421487603305785
重度污染,142,0.04694214876033058
严重污染,121,0.04
