质量等级,count,rate
优,1751,0.6937400950871633
良,726,0.2876386687797147
轻度污染,42,0.01664025356576862
中度污染,3,0.0011885895404120444
重度污染,2,0.000792393026941363
