质量等级,count,rate
优,1763,0.5950050624367196
良,1090,0.36787040161997975
轻度污染,97,0.03273709078636517
中度污染,11,0.003712453594330071
重度污染,2,0.0006749915626054674
