质量等级,count,rate
优,1359,0.5222905457340508
良,1150,0.441967717140661
轻度污染,89,0.03420445810914681
中度污染,2,0.0007686395080707148
重度污染,2,0.0007686395080707148
