质量等级,count,rate
优,1837,0.7059953881629516
良,751,0.2886241352805534
轻度污染,12,0.004611837048424289
中度污染,2,0.0007686395080707148
