质量等级,count,rate
优,1989,0.6568692206076618
良,997,0.32926023778071334
轻度污染,38,0.012549537648612946
中度污染,4,0.001321003963011889
