质量等级,count,rate
优,1549,0.5966872110939908
良,957,0.3686440677966102
轻度污染,85,0.032742681047765794
中度污染,5,0.001926040061633282
