质量等级,count,rate
优,1321,0.5076863950807071
良,1208,0.4642582628747118
轻度污染,64,0.024596464258262875
中度污染,7,0.002690238278247502
重度污染,2,0.0007686395080707148
