质量等级,count,rate
优,2545,0.8404887714663144
良,457,0.15092470277410833
轻度污染,22,0.00726552179656539
中度污染,4,0.001321003963011889
