质量等级,count,rate
优,2015,0.6654557463672391
良,997,0.32926023778071334
轻度污染,16,0.005284015852047556
