质量等级,count,rate
优,2090,0.8032282859338971
良,504,0.19369715603382015
轻度污染,7,0.002690238278247502
重度污染,1,0.0003843197540353574
