质量等级,count,rate
优,1908,0.6439419507256159
良,1021,0.34458319271009114
轻度污染,30,0.010124873439082012
中度污染,3,0.0010124873439082012
严重污染,1,0.0003374957813027337
