质量等级,count,rate
优,1587,0.524108322324967
良,1221,0.4032364597093791
轻度污染,194,0.06406869220607662
中度污染,25,0.008256274768824307
重度污染,1,0.00033025099075297226
