质量等级,count,rate
优,1885,0.7244427363566487
良,710,0.27286702536510377
轻度污染,4,0.0015372790161414297
中度污染,2,0.0007686395080707148
重度污染,1,0.0003843197540353574
