质量等级,count,rate
良,1329,0.51076095311299
优,1250,0.4803996925441968
轻度污染,22,0.008455034588777863
重度污染,1,0.0003843197540353574
