质量等级,count,rate
优,1504,0.578239138792772
良,941,0.3617839292579777
轻度污染,132,0.05074971164936563
中度污染,21,0.008073817762399077
重度污染,3,0.0011534025374855825
