质量等级,count,rate
优,1779,0.5884882566986437
良,1209,0.39993384055573933
轻度污染,32,0.010585511081706914
重度污染,2,0.0006615944426066821
中度污染,1,0.0003307972213033411
