质量等级,count,rate
良,1407,0.5407378939277478
优,922,0.3543428132205995
轻度污染,226,0.08685626441199078
中度污染,41,0.015757109915449655
重度污染,6,0.0023059185242121443
