质量等级,count,rate
优,1914,0.7378565921356978
良,634,0.24441017733230533
轻度污染,43,0.016576715497301466
中度污染,2,0.0007710100231303007
重度污染,1,0.00038550501156515033
