质量等级,count,rate
优,2045,0.69064505234718
良,853,0.28807835190813913
轻度污染,60,0.020263424518743668
中度污染,3,0.0010131712259371835
