质量等级,count,rate
良,1701,0.5738866396761133
优,1208,0.407557354925776
轻度污染,54,0.018218623481781375
中度污染,1,0.00033738191632928474
