质量等级,count,rate
优,1661,0.5485468956406869
良,1242,0.41017173051519157
轻度污染,105,0.034676354029062086
中度污染,18,0.0059445178335535
重度污染,2,0.0006605019815059445
