质量等级,count,rate
优,1454,0.5596612779060816
良,1059,0.407621247113164
轻度污染,78,0.03002309468822171
中度污染,5,0.001924557351809084
重度污染,2,0.0007698229407236335
