metric,count,mean,median,std,min,p05,p25,p75,p95,max,skew,kurt,missing_rate
AQI指数,2602,96.4488854727133,81.0,58.597984928369954,17.0,39.0,59.25,113.0,208.0,500.0,2.2717470837955105,7.430026136967421,0.0
当天AQI排名,2602,268.6491160645657,294.5,82.04747419106218,4.0,100.0,221.0,332.0,359.0,597.0,-1.0343731470084545,0.4186768438303199,0.0
PM2.5,2602,62.011145272867026,46.0,49.77713760568148,8.0,18.0,31.0,76.0,155.0,597.0,2.7593666743797063,12.985980628318536,0.0
PM10,2602,106.41314373558801,86.0,75.86198964367306,11.0,34.0,58.0,130.0,247.0,862.0,2.6629349693365603,12.158536463979946,0.0
So2,2602,32.88124519600307,19.0,39.287993655921255,1.0,4.0,9.0,39.0,117.0,317.0,2.5928525758885685,8.386416883780576,0.0
No2,2602,29.260568793235972,25.0,18.32746403226517,3.0,8.0,16.0,39.0,64.0,123.0,1.3059176487304107,2.180460570764768,0.0
Co,2602,1.4403497309761721,1.16,0.9248491843228932,0.35,0.5505000000000002,0.8,1.7975,3.3,8.11,2.0374460231028846,5.864210018458402,0.0
O3,2602,71.55611068408916,63.0,39.42763463450501,6.0,21.0,41.0,95.0,148.94999999999982,226.0,0.860440185470443,0.3184028035909039,0.0
