质量等级,count,rate
优,1562,0.5271684103948701
良,1299,0.4384070199122511
轻度污染,95,0.0320620992237597
中度污染,7,0.002362470469119136
