质量等级,count,rate
优,1260,0.48424289008455035
良,1193,0.4584934665641814
轻度污染,129,0.049577248270561106
中度污染,15,0.005764796310530361
重度污染,5,0.001921598770176787
