质量等级,count,rate
优,1861,0.6280796490043874
良,982,0.3314208572392845
轻度污染,113,0.03813702328720891
中度污染,7,0.002362470469119136
