质量等级,count,rate
优,1818,0.6003963011889035
良,1072,0.35402906208718626
轻度污染,127,0.04194187582562748
中度污染,11,0.003632760898282695
