质量等级,count,rate
优,1683,0.6468101460415066
良,885,0.3401229823212913
轻度污染,31,0.01191391237509608
中度污染,3,0.0011529592621060721
