质量等级,count,rate
优,1311,0.5038431975403536
良,1109,0.42621060722521137
轻度污染,156,0.05995388162951576
中度污染,22,0.008455034588777863
重度污染,4,0.0015372790161414297
