质量等级,count,rate
优,1968,0.6501486620416254
良,976,0.32243145028080605
轻度污染,70,0.02312520647505781
中度污染,12,0.003964321110009911
严重污染,1,0.0003303600925008259
