质量等级,count,rate
优,2089,0.8043896804004621
良,501,0.19291490180978052
轻度污染,7,0.0026954177897574125
