质量等级,count,rate
优,1336,0.5134511913912375
良,1165,0.4477325134511914
轻度污染,91,0.03497309761721752
中度污染,9,0.0034588777863182167
重度污染,1,0.0003843197540353574
