质量等级,count,rate
优,1827,0.6033685601056803
良,1157,0.3821003963011889
轻度污染,39,0.012879788639365918
中度污染,5,0.0016512549537648614
