质量等级,count,rate
优,1829,0.6040290620871862
良,1141,0.37681638044914134
轻度污染,50,0.016512549537648614
中度污染,7,0.002311756935270806
重度污染,1,0.00033025099075297226
