质量等级,count,rate
优,1545,0.5937740199846272
良,925,0.3554957724827056
轻度污染,116,0.044581091468101464
中度污染,14,0.005380476556495004
重度污染,2,0.0007686395080707148
