年月,AQI指数,当天AQI排名,PM2.5,PM10,So2,No2,Co,O3
2022-03,43.67741935483871,119.41935483870968,24.06451612903226,42.83870967741935,5.129032258064516,13.064516129032258,0.6270967741935485,96.96774193548387
