质量等级,count,rate
优,21,0.6774193548387096
良,10,0.3225806451612903
