质量等级,count,rate
优,1838,0.6082064857710126
良,1124,0.37193911317008604
轻度污染,58,0.019192587690271344
中度污染,2,0.0006618133686300463
