质量等级,count,rate
优,1985,0.764343473238352
良,610,0.23488640739314592
轻度污染,2,0.0007701193685021178
