质量等级,count,rate
良,1322,0.5084615384615384
优,1053,0.405
轻度污染,170,0.06538461538461539
中度污染,33,0.012692307692307692
重度污染,15,0.0057692307692307696
严重污染,7,0.002692307692307692
