质量等级,count,rate
优,2327,0.8960338852522141
良,267,0.10281093569503273
轻度污染,3,0.0011551790527531767
