质量等级,count,rate
优,1707,0.6560338201383551
良,836,0.3212913143735588
轻度污染,55,0.021137586471944657
中度污染,4,0.0015372790161414297
