质量等级,count,rate
优,2728,0.9203778677462888
良,230,0.07759784075573549
轻度污染,6,0.0020242914979757085
